<?xml version="1.0" encoding="utf-8"?>
<install version="1.5" type="plugin" group="editors-xtd">
	<name>Button - Mobile Readmore</name>
	<author>WAFL Development</author>
	<authorEmail>info@wafl.be</authorEmail>
	<authorUrl>http://www.wafl.ugent.be</authorUrl>
	<creationDate>April 2009</creationDate>
	<copyright>Copyright (C) 2009 Open Source Matters. All rights reserved.</copyright>
	<license>http://www.gnu.org/licenses/gpl-2.0.html GNU/GPL</license>
	<version>0.1.0</version>
	<description>Editorbutton to set mobile-readmore location</description>
	<files>
		<filename plugin="readmoremobile">readmoremobile.php</filename>
	</files>
	<params />
</install>

