<?xml version="1.0" encoding="utf-8"?>
<install type="module" version="1.5">
	<name>WAFL component wrapper</name>
	<author>WAFL Development</author>
	<authorEmail>info@wafl.be</authorEmail>
	<authorUrl>http://www.wafl.ugent.be</authorUrl>
	<creationDate>May 2009</creationDate>
	<copyright>Copyright (C) 2009 Open Source Matters. All rights reserved.</copyright>
	<license>http://www.gnu.org/licenses/gpl-2.0.html GNU/GPL</license>
	<version>0.1.0</version>
	<description></description>
	<files>
		<filename module="mod_wafl">mod_wafl.php</filename>
		<folder>tmpl</folder>
	</files>
	<params />
</install>

