<?xml version="1.0" encoding="UTF-8"?>

<devicedetection lastupdate="11-05-2009">
	<majordevices>
		<device>iphone</device>
		<device>ipod</device>
		<device>android</device>
		<device>opera mini</device>
		<device>blackberry</device>
		<device>palm</device>
		<device>nokia</device>
		<term>symbian</term>
		<term>windows ce</term>
	</majordevices>
	<commonterms>
		<term>webos</term>
		<term>up.browser</term>
		<term>up.link</term>
		<term>mmp</term>
		<term>smartphone</term>
		<term>midp</term>
		<term>wap</term>
		<term>vodafone</term>
		<term>o2</term>
		<term>pocket</term>
		<term>kindle</term>
		<term>mobile</term>
		<term>pda</term>
		<term>psp</term>
		<term>treo</term>
		<term>cellphone</term>
		<term>kddi</term>
		<term>avantgo</term>
	</commonterms>
	<acceptheaders>
		<header>text/vnd.wap.wml</header>
		<header>application/vnd.wap.xhtml+xml</header>
	</acceptheaders>
	<mobileheaders>
		<header>HTTP_X_WAP_PROFILE</header>
		<header>HTTP_PROFILE</header>
	</mobileheaders>
	<specificdevices>
		<device>1207</device>
		<device>3gso</device>
		<device>4thp</device>
		<device>501i</device>
		<device>502i</device>
		<device>503i</device>
		<device>504i</device>
		<device>505i</device>
		<device>506i</device>
		<device>6310</device>
		<device>6590</device>
		<device>770s</device>
		<device>802s</device>
		<device>a wa</device>
		<device>acer</device>
		<device>acs-</device>
		<device>airn</device>
		<device>alav</device>
		<device>asus</device>
		<device>attw</device>
		<device>au-m</device>
		<device>aur </device>
		<device>aus </device>
		<device>abac</device>
		<device>acoo</device>
		<device>aiko</device>
		<device>alco</device>
		<device>alca</device>
		<device>amoi</device>
		<device>anex</device>
		<device>anny</device>
		<device>anyw</device>
		<device>aptu</device>
		<device>arch</device>
		<device>argo</device>
		<device>bell</device>
		<device>bird</device>
		<device>bw-n</device>
		<device>bw-u</device>
		<device>beck</device>
		<device>benq</device>
		<device>bilb</device>
		<device>blac</device>
		<device>c55/</device>
		<device>cdm-</device>
		<device>chtm</device>
		<device>capi</device>
		<device>comp</device>
		<device>cond</device>
		<device>craw</device>
		<device>dall</device>
		<device>dbte</device>
		<device>dc-s</device>
		<device>dica</device>
		<device>ds-d</device>
		<device>ds12</device>
		<device>dait</device>
		<device>devi</device>
		<device>dmob</device>
		<device>doco</device>
		<device>dopo</device>
		<device>el49</device>
		<device>erk0</device>
		<device>esl8</device>
		<device>ez40</device>
		<device>ez60</device>
		<device>ez70</device>
		<device>ezos</device>
		<device>ezze</device>
		<device>elai</device>
		<device>emul</device>
		<device>eric</device>
		<device>ezwa</device>
		<device>fake</device>
		<device>fly-</device>
		<device>fly_</device>
		<device>g-mo</device>
		<device>g1 u</device>
		<device>g560</device>
		<device>gf-5</device>
		<device>grun</device>
		<device>gene</device>
		<device>go.w</device>
		<device>good</device>
		<device>grad</device>
		<device>hcit</device>
		<device>hd-m</device>
		<device>hd-p</device>
		<device>hd-t</device>
		<device>hei-</device>
		<device>hp i</device>
		<device>hpip</device>
		<device>hs-c</device>
		<device>htc </device>
		<device>htc-</device>
		<device>htca</device>
		<device>htcg</device>
		<device>htcp</device>
		<device>htcs</device>
		<device>htct</device>
		<device>htc_</device>
		<device>haie</device>
		<device>hita</device>
		<device>huaw</device>
		<device>hutc</device>
		<device>i-20</device>
		<device>i-go</device>
		<device>i-ma</device>
		<device>i230</device>
		<device>iac</device>
		<device>iac-</device>
		<device>iac/</device>
		<device>ig01</device>
		<device>im1k</device>
		<device>inno</device>
		<device>iris</device>
		<device>jata</device>
		<device>java</device>
		<device>kddi</device>
		<device>kgt</device>
		<device>kgt/</device>
		<device>kpt </device>
		<device>kwc-</device>
		<device>klon</device>
		<device>lexi</device>
		<device>lg g</device>
		<device>lg-a</device>
		<device>lg-b</device>
		<device>lg-c</device>
		<device>lg-d</device>
		<device>lg-f</device>
		<device>lg-g</device>
		<device>lg-k</device>
		<device>lg-l</device>
		<device>lg-m</device>
		<device>lg-o</device>
		<device>lg-p</device>
		<device>lg-s</device>
		<device>lg-t</device>
		<device>lg-u</device>
		<device>lg-w</device>
		<device>lg/k</device>
		<device>lg/l</device>
		<device>lg/u</device>
		<device>lg50</device>
		<device>lg54</device>
		<device>lge-</device>
		<device>lge/</device>
		<device>lynx</device>
		<device>leno</device>
		<device>m1-w</device>
		<device>m3ga</device>
		<device>m50/</device>
		<device>maui</device>
		<device>mc01</device>
		<device>mc21</device>
		<device>mcca</device>
		<device>medi</device>
		<device>meri</device>
		<device>mio8</device>
		<device>mioa</device>
		<device>mo01</device>
		<device>mo02</device>
		<device>mode</device>
		<device>modo</device>
		<device>mot </device>
		<device>mot-</device>
		<device>mt50</device>
		<device>mtp1</device>
		<device>mtv </device>
		<device>mate</device>
		<device>maxo</device>
		<device>merc</device>
		<device>mits</device>
		<device>mobi</device>
		<device>motv</device>
		<device>mozz</device>
		<device>n100</device>
		<device>n101</device>
		<device>n102</device>
		<device>n202</device>
		<device>n203</device>
		<device>n300</device>
		<device>n302</device>
		<device>n500</device>
		<device>n502</device>
		<device>n505</device>
		<device>n700</device>
		<device>n701</device>
		<device>n710</device>
		<device>nec-</device>
		<device>nem-</device>
		<device>newg</device>
		<device>neon</device>
		<device>netf</device>
		<device>noki</device>
		<device>nzph</device>
		<device>o2 x</device>
		<device>o2-x</device>
		<device>opwv</device>
		<device>owg1</device>
		<device>opti</device>
		<device>oran</device>
		<device>p800</device>
		<device>pand</device>
		<device>pg-1</device>
		<device>pg-2</device>
		<device>pg-3</device>
		<device>pg-6</device>
		<device>pg-8</device>
		<device>pg-c</device>
		<device>pg13</device>
		<device>phil</device>
		<device>pn-2</device>
		<device>ppc;</device>
		<device>pt-g</device>
		<device>palm</device>
		<device>pana</device>
		<device>pire</device>
		<device>pock</device>
		<device>pose</device>
		<device>psio</device>
		<device>qa-a</device>
		<device>qc-2</device>
		<device>qc-3</device>
		<device>qc-5</device>
		<device>qc-7</device>
		<device>qc07</device>
		<device>qc12</device>
		<device>qc21</device>
		<device>qc32</device>
		<device>qc60</device>
		<device>qci-</device>
		<device>qwap</device>
		<device>qtek</device>
		<device>r380</device>
		<device>r600</device>
		<device>raks</device>
		<device>rim9</device>
		<device>rove</device>
		<device>s55/</device>
		<device>sage</device>
		<device>sams</device>
		<device>sc01</device>
		<device>sch-</device>
		<device>scp-</device>
		<device>sdk/</device>
		<device>se47</device>
		<device>sec-</device>
		<device>sec0</device>
		<device>sec1</device>
		<device>semc</device>
		<device>sgh-</device>
		<device>shar</device>
		<device>sie-</device>
		<device>sk-0</device>
		<device>sl45</device>
		<device>slid</device>
		<device>smb3</device>
		<device>smt5</device>
		<device>sp01</device>
		<device>sph-</device>
		<device>spv </device>
		<device>spv-</device>
		<device>sy01</device>
		<device>samm</device>
		<device>sany</device>
		<device>sava</device>
		<device>scoo</device>
		<device>send</device>
		<device>siem</device>
		<device>smar</device>
		<device>smit</device>
		<device>soft</device>
		<device>sony</device>
		<device>t-mo</device>
		<device>t218</device>
		<device>t250</device>
		<device>t600</device>
		<device>t610</device>
		<device>t618</device>
		<device>tcl-</device>
		<device>tdg-</device>
		<device>telm</device>
		<device>tim-</device>
		<device>ts70</device>
		<device>tsm-</device>
		<device>tsm3</device>
		<device>tsm5</device>
		<device>tx-9</device>
		<device>tagt</device>
		<device>talk</device>
		<device>teli</device>
		<device>topl</device>
		<device>tosh</device>
		<device>up.b</device>
		<device>upg1</device>
		<device>utst</device>
		<device>v400</device>
		<device>v750</device>
		<device>veri</device>
		<device>vk-v</device>
		<device>vk40</device>
		<device>vk50</device>
		<device>vk52</device>
		<device>vk53</device>
		<device>vm40</device>
		<device>vx98</device>
		<device>virg</device>
		<device>vite</device>
		<device>voda</device>
		<device>vulc</device>
		<device>w3c </device>
		<device>w3c-</device>
		<device>wapj</device>
		<device>wapp</device>
		<device>wapu</device>
		<device>wapm</device>
		<device>wig </device>
		<device>wapi</device>
		<device>wapr</device>
		<device>wapv</device>
		<device>wapy</device>
		<device>wapa</device>
		<device>waps</device>
		<device>wapt</device>
		<device>winc</device>
		<device>winw</device>
		<device>wonu</device>
		<device>x700</device>
		<device>xda2</device>
		<device>xdag</device>
		<device>yas-</device>
		<device>your</device>
		<device>zte-</device>
		<device>zeto</device>
		<device>acs-</device>
		<device>alav</device>
		<device>alca</device>
		<device>amoi</device>
		<device>aste</device>
		<device>audi</device>
		<device>avan</device>
		<device>benq</device>
		<device>bird</device>
		<device>blac</device>
		<device>blaz</device>
		<device>brew</device>
		<device>brvw</device>
		<device>bumb</device>
		<device>ccwa</device>
		<device>cell</device>
		<device>cldc</device>
		<device>cmd-</device>
		<device>dang</device>
		<device>doco</device>
		<device>eml2</device>
		<device>eric</device>
		<device>fetc</device>
		<device>hipt</device>
		<device>http</device>
		<device>ibro</device>
		<device>idea</device>
		<device>ikom</device>
		<device>inno</device>
		<device>ipaq</device>
		<device>jbro</device>
		<device>jemu</device>
		<device>java</device>
		<device>jigs</device>
		<device>kddi</device>
		<device>keji</device>
		<device>kyoc</device>
		<device>kyok</device>
		<device>leno</device>
		<device>lg-c</device>
		<device>lg-d</device>
		<device>lg-g</device>
		<device>lge-</device>
		<device>libw</device>
		<device>m-cr</device>
		<device>maui</device>
		<device>maxo</device>
		<device>midp</device>
		<device>mits</device>
		<device>mmef</device>
		<device>mobi</device>
		<device>mot-</device>
		<device>moto</device>
		<device>mwbp</device>
		<device>mywa</device>
		<device>nec-</device>
		<device>newt</device>
		<device>nok6</device>
		<device>noki</device>
		<device>o2im</device>
		<device>opwv</device>
		<device>palm</device>
		<device>pana</device>
		<device>pant</device>
		<device>pdxg</device>
		<device>phil</device>
		<device>play</device>
		<device>pluc</device>
		<device>port</device>
		<device>prox</device>
		<device>qtek</device>
		<device>qwap</device>
		<device>rozo</device>
		<device>sage</device>
		<device>sama</device>
		<device>sams</device>
		<device>sany</device>
		<device>sch-</device>
		<device>sec-</device>
		<device>send</device>
		<device>seri</device>
		<device>sgh-</device>
		<device>shar</device>
		<device>sie-</device>
		<device>siem</device>
		<device>smal</device>
		<device>smar</device>
		<device>sony</device>
		<device>sph-</device>
		<device>symb</device>
		<device>t-mo</device>
		<device>teli</device>
		<device>tim-</device>
		<device>tosh</device>
		<device>treo</device>
		<device>tsm-</device>
		<device>upg1</device>
		<device>upsi</device>
		<device>vk-v</device>
		<device>voda</device>
		<device>vx52</device>
		<device>vx53</device>
		<device>vx60</device>
		<device>vx61</device>
		<device>vx70</device>
		<device>vx80</device>
		<device>vx81</device>
		<device>vx83</device>
		<device>vx85</device>
		<device>wap-</device>
		<device>wapa</device>
		<device>wapi</device>
		<device>wapp</device>
		<device>wapr</device>
		<device>webc</device>
		<device>whit</device>
		<device>winw</device>
		<device>wmlb</device>
		<device>xda-</device>
	</specificdevices>
</devicedetection>